Target,Model,Type,Train_RMSE,Train_MAE,Train_R2,Train_MAPE,Test_RMSE,Test_MAE,Test_R2,Test_MAPE
SOH,XGBoost,regression,0.00014651069827297506,9.966106978414204e-05,0.9999454025255601,0.010546289435901933,0.00402041929320752,0.002678378600294522,0.8794957962870142,0.29270433342311614
SOH,LightGBM,regression,0.00012435197207888877,8.220763778668925e-05,0.9999606686157597,0.008678316604889344,0.003580354455983533,0.0017427349993255758,0.9044322088088715,0.1916078249641441
SOH,RandomForest,regression,5.3648660449964214e-05,1.0595453182794274e-05,0.9999926793163105,0.001121285011313083,0.0037455503389052774,0.002118248943533612,0.8954098521646359,0.23249367032110005
SOH,GradientBoosting,regression,2.898947595130217e-05,1.9137283651425783e-05,0.9999978624582481,0.0020205932192216953,0.003586215807178543,0.001914030496568862,0.9041190471337793,0.2104513407266015
Thermal_Runaway_Risk_Score,XGBoost,regression,0.00017902631778581553,3.7746247417563665e-05,0.9989642957620223,9837394.706693681,0.0003733723667401616,5.465265600314319e-05,0.9896981550308798,15747691.158759035
Thermal_Runaway_Risk_Score,LightGBM,regression,0.0002910103401871037,5.8621976555432805e-05,0.9972633526546135,13095776.027054822,0.0004007608223137802,5.73885542366572e-05,0.9881313538329043,14355866.762636172
Thermal_Runaway_Risk_Score,RandomForest,regression,0.0003609502034513149,5.1191976557254155e-05,0.9957898596204817,8952045.629689153,0.0005631999934417656,7.492339289030598e-05,0.9765600896284758,19859644.591093685
Thermal_Runaway_Risk_Score,GradientBoosting,regression,0.00013343885271993448,2.4919790290799893e-05,0.9994246043243858,7309790.555771842,0.00041916018062649897,5.738826074678969e-05,0.9870165322887683,15959707.797548557
